{
    "loss": 5.265270709991455,
    "accuracy": 0.7195287942886353
}